term,estimate,std.error,statistic,p.value
(Intercept),136.72955927266239,1.9968354062273475,68.4731244479422,5.7129470657327456e-201
body_mass_g,0.015275915608037274,4.6683596385751856e-4,32.722233912337536,4.3706809629949897e-107
