r.squared,adj.r.squared,sigma,statistic,p.value,df,logLik,AIC,BIC,deviance,df.residual,nobs
0.7589925193571198,0.7582836738258172,6.913392961017224,1070.7445922137365,4.370680962993249e-107,1,-1145.517547309593,2297.035094619186,2308.539526830374,16250.300759370451,340,342
