term,df,sumsq,meansq,statistic,p.value
body_mass_g,1,51176.24017630183,51176.24017630183,1070.7445922137326,4.3706809629952384e-107
Residuals,340,16250.300759370451,47.7950022334425,NA,NA
